{
  "projectType": [
    "sap.watt.uitools.ide.fiori",
    "sap.html5"
  ],
  "generation": [
    {
      "templateId": "ui5template.basicSAPUI5ApplicationProjectCommon",
      "templateVersion": "1.32.0",
      "dateTimeStamp": "Sat, 20 Jan 2018 05:19:01 GMT"
    },
    {
      "templateId": "ui5template.basicSAPUI5ApplicationProject",
      "templateVersion": "1.40.12",
      "dateTimeStamp": "Sat, 20 Jan 2018 05:19:02 GMT"
    }
  ],
  "translation": {
    "translationDomain": "",
    "supportedLanguages": "en,fr,de",
    "defaultLanguage": "en",
    "defaultI18NPropertyFile": "i18n.properties",
    "resourceModelName": "i18n"
  },
  "basevalidator": {
    "services": {
      "xml": "fioriXmlAnalysis",
      "js": "fioriJsValidator"
    }
  },
  "codeCheckingTriggers": {
    "notifyBeforePush": true,
    "notifyBeforePushLevel": "Error",
    "blockPush": false,
    "blockPushLevel": "Error"
  }
}